image_id,raw_range,eft_range
0,9.947598300641403e-14,0.0
1,2.1316282072803006e-13,0.0
2,7.105427357601002e-14,0.0
3,1.4210854715202004e-13,0.0
4,7.105427357601002e-14,0.0
5,1.4210854715202004e-13,1.4210854715202004e-14
6,3.552713678800501e-14,0.0
7,6.039613253960852e-14,0.0
8,2.2737367544323206e-13,2.842170943040401e-14
9,9.947598300641403e-14,0.0
10,1.0302869668521453e-13,0.0
11,1.8474111129762605e-13,0.0
12,7.105427357601002e-14,0.0
13,9.592326932761353e-14,0.0
14,8.526512829121202e-14,0.0
15,1.8474111129762605e-13,1.4210854715202004e-14
16,6.039613253960852e-14,0.0
17,2.4158453015843406e-13,0.0
18,3.552713678800501e-14,0.0
19,1.4210854715202004e-13,1.4210854715202004e-14
20,9.947598300641403e-14,0.0
21,1.5631940186722204e-13,0.0
22,1.7053025658242404e-13,0.0
23,1.8474111129762605e-13,0.0
24,7.105427357601002e-14,0.0
25,3.126388037344441e-13,0.0
26,1.1368683772161603e-13,0.0
27,1.1368683772161603e-13,0.0
28,1.2789769243681803e-13,0.0
29,1.1368683772161603e-13,0.0
30,1.1368683772161603e-13,7.105427357601002e-15
31,9.237055564881302e-14,0.0
32,9.947598300641403e-14,0.0
33,1.3500311979441904e-13,0.0
34,1.4210854715202004e-13,0.0
35,1.7053025658242404e-13,0.0
36,1.2789769243681803e-13,0.0
37,1.1368683772161603e-13,0.0
38,1.0658141036401503e-13,0.0
39,1.2789769243681803e-13,0.0
40,7.105427357601002e-14,0.0
41,7.105427357601002e-14,0.0
42,1.1368683772161603e-13,0.0
43,7.815970093361102e-14,0.0
44,9.237055564881302e-14,0.0
45,9.947598300641403e-14,0.0
46,1.3500311979441904e-13,0.0
47,9.947598300641403e-14,0.0
48,1.4210854715202004e-13,0.0
49,1.3500311979441904e-13,0.0
50,1.1368683772161603e-13,0.0
51,4.973799150320701e-14,0.0
52,2.2737367544323206e-13,1.4210854715202004e-14
53,1.0658141036401503e-13,0.0
54,2.2737367544323206e-13,0.0
55,7.815970093361102e-14,0.0
56,1.4210854715202004e-13,0.0
57,9.947598300641403e-14,0.0
58,8.526512829121202e-14,0.0
59,1.2789769243681803e-13,0.0
60,3.979039320256561e-13,0.0
61,0.0,0.0
62,7.460698725481052e-14,0.0
63,1.9539925233402755e-14,0.0
64,1.8474111129762605e-13,0.0
65,1.0658141036401503e-13,0.0
66,1.0658141036401503e-13,0.0
67,9.947598300641403e-14,0.0
68,3.907985046680551e-14,0.0
69,1.0658141036401503e-13,0.0
70,2.2737367544323206e-13,0.0
71,1.9895196601282805e-13,0.0
72,9.237055564881302e-14,0.0
73,1.7763568394002505e-13,0.0
74,9.947598300641403e-14,0.0
75,1.2789769243681803e-13,0.0
76,4.263256414560601e-14,0.0
77,1.5631940186722204e-13,0.0
78,9.947598300641403e-14,0.0
79,9.947598300641403e-14,0.0
80,1.9895196601282805e-13,1.4210854715202004e-14
81,1.4210854715202004e-13,0.0
82,2.7000623958883807e-13,0.0
83,1.1368683772161603e-13,0.0
84,0.0,0.0
85,1.8474111129762605e-13,0.0
86,1.2789769243681803e-13,0.0
87,1.9895196601282805e-13,0.0
88,2.7000623958883807e-13,0.0
89,1.2789769243681803e-13,1.4210854715202004e-14
90,8.348877145181177e-14,8.881784197001252e-16
91,1.2789769243681803e-13,0.0
92,6.039613253960852e-14,0.0
93,1.3589129821411916e-13,8.881784197001252e-16
94,1.5631940186722204e-13,0.0
95,1.6342482922482304e-13,0.0
96,6.394884621840902e-14,7.105427357601002e-15
97,1.4210854715202004e-13,0.0
98,1.5631940186722204e-13,0.0
99,7.105427357601002e-14,0.0
100,2.2737367544323206e-13,0.0
101,9.947598300641403e-14,0.0
102,3.410605131648481e-13,0.0
103,2.7000623958883807e-13,1.4210854715202004e-14
104,1.2079226507921703e-13,0.0
105,6.039613253960852e-14,0.0
106,9.237055564881302e-14,0.0
107,1.1368683772161603e-13,1.4210854715202004e-14
108,8.526512829121202e-14,0.0
109,9.237055564881302e-14,0.0
110,0.0,0.0
111,1.5631940186722204e-13,0.0
112,6.039613253960852e-14,0.0
113,6.394884621840902e-14,0.0
114,8.526512829121202e-14,0.0
115,6.394884621840902e-14,7.105427357601002e-15
116,1.0658141036401503e-13,0.0
117,1.5631940186722204e-13,0.0
118,5.684341886080802e-14,0.0
119,1.4210854715202004e-13,0.0
120,2.8421709430404007e-13,0.0
121,8.526512829121202e-14,0.0
122,7.105427357601002e-14,0.0
123,1.1368683772161603e-13,0.0
124,3.126388037344441e-13,1.4210854715202004e-14
125,4.618527782440651e-14,0.0
126,9.947598300641403e-14,0.0
127,1.9895196601282805e-13,0.0
128,0.0,0.0
129,1.9895196601282805e-13,1.4210854715202004e-14
130,1.7053025658242404e-13,0.0
131,2.8421709430404007e-13,0.0
132,3.268496584496461e-13,0.0
133,1.7053025658242404e-13,0.0
134,0.0,0.0
135,1.1368683772161603e-13,0.0
136,1.6342482922482304e-13,0.0
137,1.9895196601282805e-13,1.4210854715202004e-14
138,1.9895196601282805e-13,0.0
139,1.4921397450962104e-13,0.0
140,9.947598300641403e-14,0.0
141,3.552713678800501e-13,0.0
142,2.842170943040401e-14,0.0
143,1.1368683772161603e-13,0.0
144,1.1368683772161603e-13,0.0
145,9.947598300641403e-14,0.0
146,0.0,0.0
147,2.4158453015843406e-13,0.0
148,7.105427357601002e-14,0.0
149,7.549516567451064e-14,8.881784197001252e-16
150,5.684341886080802e-14,0.0
151,2.4868995751603507e-14,0.0
152,1.8474111129762605e-13,0.0
153,9.237055564881302e-14,0.0
154,1.2789769243681803e-13,0.0
155,2.2737367544323206e-13,0.0
156,1.9895196601282805e-13,0.0
157,6.394884621840902e-14,0.0
158,7.460698725481052e-14,0.0
159,1.1368683772161603e-13,1.4210854715202004e-14
160,2.2737367544323206e-13,0.0
161,1.9895196601282805e-13,0.0
162,3.410605131648481e-13,0.0
163,1.3500311979441904e-13,0.0
164,1.8474111129762605e-13,0.0
165,1.8474111129762605e-13,1.4210854715202004e-14
166,9.947598300641403e-14,0.0
167,1.9895196601282805e-13,1.4210854715202004e-14
168,1.5631940186722204e-13,0.0
169,1.5631940186722204e-13,0.0
170,1.7053025658242404e-13,0.0
171,2.3447910280083306e-13,0.0
172,1.1368683772161603e-13,0.0
173,9.947598300641403e-14,0.0
174,1.2789769243681803e-13,0.0
175,4.973799150320701e-14,0.0
176,9.947598300641403e-14,0.0
177,8.171241461241152e-14,0.0
178,8.526512829121202e-14,0.0
179,0.0,0.0
180,8.526512829121202e-14,1.4210854715202004e-14
181,0.0,0.0
182,1.4210854715202004e-13,0.0
183,1.5631940186722204e-13,0.0
184,0.0,0.0
185,1.0658141036401503e-13,0.0
186,1.7053025658242404e-13,0.0
187,1.7053025658242404e-13,0.0
188,1.5631940186722204e-13,0.0
189,7.815970093361102e-14,0.0
190,1.4210854715202004e-13,0.0
191,8.526512829121202e-14,0.0
192,1.1368683772161603e-13,0.0
193,4.973799150320701e-14,0.0
194,2.4158453015843406e-13,0.0
195,4.973799150320701e-14,0.0
196,1.2789769243681803e-13,0.0
197,2.5579538487363607e-13,0.0
198,9.947598300641403e-14,0.0
199,1.4210854715202004e-13,0.0
200,1.5631940186722204e-13,0.0
201,1.8474111129762605e-13,0.0
202,1.2789769243681803e-13,1.4210854715202004e-14
203,6.394884621840902e-14,0.0
204,8.526512829121202e-14,0.0
205,6.750155989720952e-14,0.0
206,7.105427357601002e-14,0.0
207,1.7053025658242404e-13,0.0
208,1.4210854715202004e-13,0.0
209,9.947598300641403e-14,0.0
210,4.618527782440651e-14,0.0
211,1.0658141036401503e-13,3.552713678800501e-15
212,7.815970093361102e-14,0.0
213,5.684341886080802e-14,1.7763568394002505e-15
214,7.815970093361102e-14,0.0
215,9.237055564881302e-14,0.0
216,1.0302869668521453e-13,1.7763568394002505e-15
217,1.7053025658242404e-13,0.0
218,2.4158453015843406e-13,1.4210854715202004e-14
219,1.0658141036401503e-13,0.0
220,4.263256414560601e-13,0.0
221,1.2079226507921703e-13,0.0
222,2.4158453015843406e-13,0.0
223,1.4210854715202004e-13,0.0
224,7.105427357601002e-14,0.0
225,9.947598300641403e-14,0.0
226,0.0,0.0
227,8.526512829121202e-14,0.0
228,1.4210854715202004e-13,1.4210854715202004e-14
229,7.105427357601002e-14,7.105427357601002e-15
230,6.838973831690964e-14,0.0
231,3.552713678800501e-14,0.0
232,1.4921397450962104e-13,0.0
233,7.105427357601002e-14,0.0
234,6.394884621840902e-14,0.0
235,4.263256414560601e-14,0.0
236,1.2789769243681803e-13,0.0
237,1.2789769243681803e-13,0.0
238,1.5631940186722204e-13,0.0
239,1.1368683772161603e-13,0.0
240,1.5631940186722204e-13,0.0
241,9.947598300641403e-14,0.0
242,0.0,0.0
243,1.1368683772161603e-13,0.0
244,3.552713678800501e-14,0.0
245,7.105427357601002e-14,0.0
246,1.9895196601282805e-13,0.0
247,1.1368683772161603e-13,0.0
248,1.7053025658242404e-13,0.0
249,7.105427357601002e-14,0.0
250,1.4210854715202004e-13,0.0
251,7.105427357601002e-14,0.0
252,9.237055564881302e-14,0.0
253,1.4210854715202004e-13,0.0
254,1.0658141036401503e-13,0.0
255,7.815970093361102e-14,0.0
256,1.2079226507921703e-13,0.0
257,6.750155989720952e-14,0.0
258,1.7053025658242404e-13,0.0
259,1.7763568394002505e-13,0.0
260,0.0,0.0
261,1.9895196601282805e-13,0.0
262,3.410605131648481e-13,0.0
263,1.2789769243681803e-13,0.0
264,5.3290705182007514e-14,0.0
265,9.237055564881302e-14,0.0
266,1.936228954946273e-13,0.0
267,1.4210854715202004e-13,0.0
268,0.0,0.0
269,8.526512829121202e-14,0.0
270,1.2789769243681803e-13,0.0
271,9.592326932761353e-14,0.0
272,7.815970093361102e-14,0.0
273,6.750155989720952e-14,0.0
274,8.526512829121202e-14,0.0
275,1.2789769243681803e-13,0.0
276,1.1368683772161603e-13,0.0
277,9.947598300641403e-14,0.0
278,1.2079226507921703e-13,0.0
279,5.684341886080802e-14,0.0
280,1.0658141036401503e-13,0.0
281,8.526512829121202e-14,0.0
282,8.526512829121202e-14,7.105427357601002e-15
283,1.1368683772161603e-13,0.0
284,5.3290705182007514e-14,0.0
285,1.5631940186722204e-13,0.0
286,1.4210854715202004e-13,0.0
287,1.4210854715202004e-13,0.0
288,1.1368683772161603e-13,0.0
289,1.6342482922482304e-13,0.0
290,7.638334409421077e-14,3.552713678800501e-15
291,1.2079226507921703e-13,0.0
292,7.105427357601002e-14,0.0
293,2.1316282072803006e-13,0.0
294,1.7053025658242404e-13,0.0
295,9.947598300641403e-14,0.0
296,2.1316282072803006e-13,0.0
297,1.0658141036401503e-13,0.0
298,1.4210854715202004e-13,0.0
299,0.0,0.0
300,8.526512829121202e-14,0.0
301,1.4210854715202004e-13,0.0
302,1.2789769243681803e-13,0.0
303,1.1368683772161603e-13,0.0
304,7.105427357601002e-14,0.0
305,1.3500311979441904e-13,0.0
306,1.1368683772161603e-13,0.0
307,1.1368683772161603e-13,0.0
308,1.2789769243681803e-13,0.0
309,9.237055564881302e-14,3.552713678800501e-15
310,3.907985046680551e-14,0.0
311,2.4868995751603507e-13,0.0
312,1.5631940186722204e-13,0.0
313,1.3500311979441904e-13,0.0
314,1.1368683772161603e-13,0.0
315,9.947598300641403e-14,3.552713678800501e-15
316,1.5631940186722204e-13,0.0
317,2.2737367544323206e-13,0.0
318,8.526512829121202e-14,0.0
319,2.1316282072803006e-13,0.0
320,9.592326932761353e-14,0.0
321,1.4921397450962104e-13,0.0
322,1.2079226507921703e-13,0.0
323,6.394884621840902e-14,0.0
324,6.039613253960852e-14,0.0
325,9.947598300641403e-14,0.0
326,1.0658141036401503e-13,0.0
327,1.5631940186722204e-13,0.0
328,9.947598300641403e-14,0.0
329,9.947598300641403e-14,0.0
330,9.947598300641403e-14,0.0
331,1.4210854715202004e-13,0.0
332,1.1368683772161603e-13,0.0
333,1.5631940186722204e-13,0.0
334,6.394884621840902e-14,0.0
335,7.283063041541027e-14,0.0
336,8.526512829121202e-14,0.0
337,1.1368683772161603e-13,0.0
338,1.6786572132332367e-13,0.0
339,1.9895196601282805e-13,0.0
340,1.1368683772161603e-13,0.0
341,6.394884621840902e-14,0.0
342,7.105427357601002e-14,0.0
343,9.947598300641403e-14,0.0
344,0.0,0.0
345,1.4210854715202004e-13,0.0
346,1.0658141036401503e-13,0.0
347,2.2737367544323206e-13,0.0
348,9.947598300641403e-14,1.4210854715202004e-14
349,5.3290705182007514e-14,0.0
350,1.5631940186722204e-13,0.0
351,2.7000623958883807e-13,0.0
352,1.8474111129762605e-13,0.0
353,2.984279490192421e-13,0.0
354,1.5631940186722204e-13,1.4210854715202004e-14
355,0.0,0.0
356,2.1316282072803006e-13,0.0
357,6.394884621840902e-14,0.0
358,1.1368683772161603e-13,0.0
359,9.237055564881302e-14,0.0
360,1.7053025658242404e-13,0.0
361,1.8474111129762605e-13,0.0
362,1.3500311979441904e-13,0.0
363,1.1368683772161603e-13,0.0
364,1.9895196601282805e-13,0.0
365,9.237055564881302e-14,0.0
366,1.7053025658242404e-13,0.0
367,1.7053025658242404e-13,0.0
368,9.947598300641403e-14,0.0
369,6.039613253960852e-14,8.881784197001252e-16
370,8.526512829121202e-14,0.0
371,1.4210854715202004e-13,0.0
372,8.526512829121202e-14,0.0
373,0.0,0.0
374,0.0,0.0
375,2.5579538487363607e-13,0.0
376,1.0658141036401503e-13,0.0
377,7.105427357601002e-14,0.0
378,9.947598300641403e-14,0.0
379,1.2789769243681803e-13,0.0
380,1.9895196601282805e-13,0.0
381,1.4921397450962104e-13,0.0
382,7.815970093361102e-14,0.0
383,6.394884621840902e-14,0.0
384,2.5579538487363607e-13,0.0
385,8.526512829121202e-14,0.0
386,1.4210854715202004e-13,0.0
387,1.2789769243681803e-13,0.0
388,1.5631940186722204e-13,0.0
389,8.526512829121202e-14,0.0
390,2.8421709430404007e-13,0.0
391,8.526512829121202e-14,0.0
392,1.2789769243681803e-13,0.0
393,8.526512829121202e-14,0.0
394,4.263256414560601e-14,0.0
395,1.9895196601282805e-13,0.0
396,1.5631940186722204e-13,0.0
397,1.4210854715202004e-13,0.0
398,7.815970093361102e-14,0.0
399,1.7053025658242404e-13,0.0
400,1.2789769243681803e-13,0.0
401,2.2648549702353193e-14,6.938893903907228e-18
402,9.059419880941277e-14,0.0
403,6.572520305780927e-14,0.0
404,7.815970093361102e-14,0.0
405,1.3500311979441904e-13,0.0
406,2.8421709430404007e-13,0.0
407,1.0658141036401503e-13,0.0
408,8.881784197001252e-14,0.0
409,9.947598300641403e-14,0.0
410,3.410605131648481e-13,0.0
411,1.2789769243681803e-13,0.0
412,2.2026824808563106e-13,0.0
413,2.2737367544323206e-13,0.0
414,5.684341886080802e-14,0.0
415,1.7053025658242404e-13,0.0
416,1.1368683772161603e-13,0.0
417,7.815970093361102e-14,0.0
418,8.526512829121202e-14,0.0
419,8.526512829121202e-14,0.0
420,7.105427357601002e-14,0.0
421,1.1368683772161603e-13,0.0
422,5.684341886080802e-14,0.0
423,1.7053025658242404e-13,0.0
424,1.9895196601282805e-13,0.0
425,1.7053025658242404e-13,0.0
426,7.105427357601002e-14,0.0
427,1.2789769243681803e-13,0.0
428,7.815970093361102e-14,0.0
429,0.0,0.0
430,8.526512829121202e-14,0.0
431,0.0,0.0
432,1.5631940186722204e-13,1.4210854715202004e-14
433,2.5579538487363607e-13,0.0
434,4.973799150320701e-14,0.0
435,6.039613253960852e-14,0.0
436,0.0,0.0
437,4.973799150320701e-14,0.0
438,1.0658141036401503e-13,0.0
439,1.4210854715202004e-13,0.0
440,2.2737367544323206e-13,1.4210854715202004e-14
441,1.1368683772161603e-13,0.0
442,1.2079226507921703e-13,0.0
443,4.618527782440651e-14,0.0
444,1.1013412404281553e-13,0.0
445,1.4210854715202004e-13,0.0
446,1.6342482922482304e-13,0.0
447,1.4210854715202004e-13,0.0
448,9.947598300641403e-14,0.0
449,1.8474111129762605e-13,0.0
450,1.4210854715202004e-13,0.0
451,4.973799150320701e-14,0.0
452,1.1368683772161603e-13,0.0
453,8.526512829121202e-14,0.0
454,5.684341886080802e-14,0.0
455,1.4210854715202004e-13,1.4210854715202004e-14
456,7.105427357601002e-14,0.0
457,1.0658141036401503e-13,0.0
458,0.0,0.0
459,8.526512829121202e-14,0.0
460,2.2737367544323206e-13,1.4210854715202004e-14
461,3.410605131648481e-13,0.0
462,2.984279490192421e-13,0.0
463,1.8474111129762605e-13,0.0
464,1.021405182655144e-13,1.7763568394002505e-15
465,3.9968028886505635e-14,0.0
466,0.0,0.0
467,1.4210854715202004e-13,0.0
468,1.3500311979441904e-13,7.105427357601002e-15
469,1.8474111129762605e-13,0.0
470,0.0,0.0
471,3.552713678800501e-14,0.0
472,1.8474111129762605e-13,0.0
473,7.105427357601002e-14,0.0
474,0.0,0.0
475,2.2737367544323206e-13,0.0
476,9.947598300641403e-14,0.0
477,1.1368683772161603e-13,0.0
478,1.1368683772161603e-13,0.0
479,6.572520305780927e-14,1.7763568394002505e-15
480,1.1368683772161603e-13,0.0
481,5.684341886080802e-14,0.0
482,1.4210854715202004e-13,0.0
483,2.2737367544323206e-13,1.4210854715202004e-14
484,1.2789769243681803e-13,0.0
485,1.5631940186722204e-13,0.0
486,0.0,0.0
487,7.815970093361102e-14,0.0
488,7.105427357601002e-14,7.105427357601002e-15
489,8.526512829121202e-14,0.0
490,1.2789769243681803e-13,0.0
491,1.9895196601282805e-13,1.4210854715202004e-14
492,8.526512829121202e-14,0.0
493,1.3500311979441904e-13,0.0
494,1.4210854715202004e-13,0.0
495,1.3855583347321954e-13,0.0
496,5.684341886080802e-14,0.0
497,1.4210854715202004e-13,0.0
498,8.526512829121202e-14,0.0
499,7.105427357601002e-14,0.0
500,1.1013412404281553e-13,1.7763568394002505e-15
501,8.526512829121202e-14,0.0
502,1.8474111129762605e-13,0.0
503,2.2737367544323206e-13,0.0
504,7.105427357601002e-14,0.0
505,2.4868995751603507e-14,0.0
506,8.526512829121202e-14,0.0
507,6.394884621840902e-14,0.0
508,1.4210854715202004e-13,0.0
509,1.7053025658242404e-13,0.0
510,1.1368683772161603e-13,0.0
511,7.460698725481052e-14,0.0
512,1.1368683772161603e-13,0.0
513,1.7053025658242404e-13,0.0
514,1.8474111129762605e-13,0.0
515,1.509903313490213e-14,0.0
516,1.3500311979441904e-13,0.0
517,1.7053025658242404e-13,0.0
518,1.5631940186722204e-13,0.0
519,2.1316282072803006e-13,0.0
520,0.0,0.0
521,6.394884621840902e-14,0.0
522,7.105427357601002e-14,0.0
523,1.4210854715202004e-13,0.0
524,7.105427357601002e-14,0.0
525,1.2079226507921703e-13,0.0
526,1.1723955140041653e-13,0.0
527,5.1958437552457326e-14,0.0
528,8.526512829121202e-14,0.0
529,1.1368683772161603e-13,0.0
530,6.750155989720952e-14,0.0
531,5.684341886080802e-14,1.7763568394002505e-15
532,8.526512829121202e-14,0.0
533,1.4210854715202004e-13,1.4210854715202004e-14
534,1.4210854715202004e-13,0.0
535,1.3500311979441904e-13,0.0
536,1.5631940186722204e-13,0.0
537,8.526512829121202e-14,0.0
538,0.0,0.0
539,1.4210854715202004e-13,0.0
540,1.8474111129762605e-13,0.0
541,1.4210854715202004e-13,0.0
542,3.197442310920451e-14,0.0
543,8.881784197001252e-14,1.7763568394002505e-15
544,1.4210854715202004e-13,0.0
545,7.904787935331115e-14,0.0
546,1.2789769243681803e-13,0.0
547,9.592326932761353e-14,0.0
548,1.2789769243681803e-13,0.0
549,1.8474111129762605e-13,0.0
550,7.815970093361102e-14,0.0
551,7.105427357601002e-14,0.0
552,1.0658141036401503e-13,1.7763568394002505e-15
553,0.0,0.0
554,2.4158453015843406e-13,0.0
555,8.526512829121202e-14,0.0
556,2.4158453015843406e-13,1.4210854715202004e-14
557,1.6342482922482304e-13,0.0
558,7.815970093361102e-14,0.0
559,2.984279490192421e-13,0.0
560,6.394884621840902e-14,0.0
561,1.1368683772161603e-13,0.0
562,4.263256414560601e-14,0.0
563,0.0,0.0
564,7.460698725481052e-14,0.0
565,7.105427357601002e-14,0.0
566,1.2789769243681803e-13,0.0
567,4.973799150320701e-14,0.0
568,1.1368683772161603e-13,0.0
569,9.947598300641403e-14,0.0
570,1.9895196601282805e-13,0.0
571,9.947598300641403e-14,0.0
572,6.927791673660977e-14,0.0
573,9.947598300641403e-14,0.0
574,2.3092638912203256e-14,0.0
575,8.526512829121202e-14,0.0
576,1.2079226507921703e-13,0.0
577,2.6645352591003757e-14,0.0
578,9.947598300641403e-14,0.0
579,1.8474111129762605e-13,0.0
580,3.930189507173054e-14,0.0
581,1.5631940186722204e-13,0.0
582,9.947598300641403e-14,7.105427357601002e-15
583,9.237055564881302e-14,3.552713678800501e-15
584,1.4210854715202004e-13,0.0
585,1.1368683772161603e-13,7.105427357601002e-15
586,1.2789769243681803e-13,0.0
587,2.5579538487363607e-13,0.0
588,1.7053025658242404e-13,0.0
589,1.2789769243681803e-13,0.0
590,1.0658141036401503e-13,0.0
591,6.128431095930864e-14,0.0
592,1.2789769243681803e-13,0.0
593,8.526512829121202e-14,0.0
594,1.5631940186722204e-13,0.0
595,9.237055564881302e-14,0.0
596,2.1316282072803006e-14,0.0
597,1.4921397450962104e-13,0.0
598,7.815970093361102e-14,0.0
599,6.394884621840902e-14,0.0
600,1.2789769243681803e-13,0.0
601,0.0,0.0
602,2.7000623958883807e-13,0.0
603,6.328271240363392e-14,0.0
604,1.9895196601282805e-13,0.0
605,1.5631940186722204e-13,0.0
606,6.039613253960852e-14,0.0
607,1.4210854715202004e-13,0.0
608,1.6342482922482304e-13,0.0
609,1.2079226507921703e-13,0.0
610,1.0658141036401503e-13,7.105427357601002e-15
611,1.9895196601282805e-13,0.0
612,1.8474111129762605e-13,0.0
613,7.815970093361102e-14,3.552713678800501e-15
614,1.2434497875801753e-14,0.0
615,1.9895196601282805e-13,1.4210854715202004e-14
616,5.684341886080802e-14,0.0
617,1.4210854715202004e-13,0.0
618,2.8421709430404007e-13,1.4210854715202004e-14
619,2.4868995751603507e-14,0.0
620,1.9895196601282805e-13,0.0
621,0.0,0.0
622,1.4210854715202004e-13,0.0
623,1.7053025658242404e-13,0.0
624,4.618527782440651e-14,0.0
625,2.5579538487363607e-13,0.0
626,1.7053025658242404e-13,0.0
627,6.394884621840902e-14,3.552713678800501e-15
628,6.394884621840902e-14,0.0
629,7.815970093361102e-14,0.0
630,7.105427357601002e-14,0.0
631,0.0,0.0
632,1.1368683772161603e-13,0.0
633,1.5631940186722204e-13,0.0
634,8.526512829121202e-14,0.0
635,9.947598300641403e-14,0.0
636,4.831690603168681e-13,1.4210854715202004e-14
637,7.815970093361102e-14,1.7763568394002505e-15
638,2.2737367544323206e-13,0.0
639,9.237055564881302e-14,0.0
640,1.4210854715202004e-13,0.0
641,8.704148513061227e-14,0.0
642,1.7053025658242404e-13,0.0
643,1.8474111129762605e-13,0.0
644,9.237055564881302e-14,0.0
645,1.8474111129762605e-13,0.0
646,1.2789769243681803e-13,0.0
647,1.5631940186722204e-13,0.0
648,1.5631940186722204e-13,0.0
649,8.526512829121202e-14,0.0
650,1.5631940186722204e-13,0.0
651,1.7053025658242404e-13,0.0
652,8.526512829121202e-14,0.0
653,9.947598300641403e-14,0.0
654,1.7053025658242404e-13,0.0
655,0.0,0.0
656,1.4921397450962104e-13,0.0
657,1.2079226507921703e-13,0.0
658,2.2737367544323206e-13,0.0
659,3.552713678800501e-14,0.0
660,1.9895196601282805e-13,0.0
661,9.237055564881302e-14,0.0
662,5.684341886080802e-14,0.0
663,1.1368683772161603e-13,0.0
664,0.0,0.0
665,2.984279490192421e-13,0.0
666,8.526512829121202e-14,0.0
667,5.3290705182007514e-14,3.552713678800501e-15
668,8.526512829121202e-14,0.0
669,2.3092638912203256e-14,0.0
670,2.0605739337042905e-13,0.0
671,1.0835776720341528e-13,0.0
672,1.1368683772161603e-13,0.0
673,1.4210854715202004e-13,0.0
674,1.8474111129762605e-13,0.0
675,8.526512829121202e-14,0.0
676,1.4210854715202004e-13,0.0
677,1.2079226507921703e-13,1.7763568394002505e-15
678,7.815970093361102e-14,0.0
679,8.526512829121202e-14,7.105427357601002e-15
680,1.9895196601282805e-13,0.0
681,7.815970093361102e-14,0.0
682,1.1368683772161603e-13,0.0
683,4.618527782440651e-14,0.0
684,1.2079226507921703e-13,0.0
685,0.0,0.0
686,3.375077994860476e-14,0.0
687,4.440892098500626e-14,0.0
688,1.4210854715202004e-13,0.0
689,1.1368683772161603e-13,0.0
690,1.2789769243681803e-13,0.0
691,1.2079226507921703e-13,0.0
692,1.2789769243681803e-13,0.0
693,0.0,0.0
694,2.4158453015843406e-13,0.0
695,9.947598300641403e-14,1.4210854715202004e-14
696,6.394884621840902e-14,0.0
697,1.8474111129762605e-13,0.0
698,7.815970093361102e-14,0.0
699,7.815970093361102e-14,0.0
700,1.1368683772161603e-13,0.0
701,1.8474111129762605e-13,0.0
702,9.237055564881302e-14,0.0
703,1.2789769243681803e-13,0.0
704,9.592326932761353e-14,0.0
705,1.4210854715202004e-13,0.0
706,4.973799150320701e-14,0.0
707,9.947598300641403e-14,0.0
708,1.2789769243681803e-13,0.0
709,0.0,0.0
710,2.4158453015843406e-13,0.0
711,1.8474111129762605e-13,0.0
712,1.1368683772161603e-13,0.0
713,1.2789769243681803e-13,0.0
714,0.0,0.0
715,1.5631940186722204e-13,0.0
716,1.2789769243681803e-13,0.0
717,1.7053025658242404e-13,0.0
718,0.0,0.0
719,1.8474111129762605e-13,0.0
720,1.4566126083082054e-13,0.0
721,1.0658141036401503e-13,0.0
722,1.1368683772161603e-13,0.0
723,8.171241461241152e-14,1.7763568394002505e-15
724,1.7053025658242404e-13,0.0
725,8.526512829121202e-14,0.0
726,1.4210854715202004e-13,0.0
727,2.3092638912203256e-14,0.0
728,1.5631940186722204e-13,0.0
729,1.5631940186722204e-13,0.0
730,1.7053025658242404e-13,0.0
731,1.8474111129762605e-13,0.0
732,2.1316282072803006e-13,0.0
733,6.394884621840902e-14,0.0
734,6.039613253960852e-14,0.0
735,1.1368683772161603e-13,0.0
736,1.8474111129762605e-13,0.0
737,2.2737367544323206e-13,0.0
738,9.947598300641403e-14,0.0
739,1.7053025658242404e-13,0.0
740,1.0658141036401503e-13,0.0
741,8.171241461241152e-14,0.0
742,1.8474111129762605e-13,0.0
743,1.4210854715202004e-13,0.0
744,1.0658141036401503e-13,0.0
745,1.4210854715202004e-13,1.4210854715202004e-14
746,1.1368683772161603e-13,0.0
747,2.4868995751603507e-14,0.0
748,1.1368683772161603e-13,0.0
749,8.526512829121202e-14,0.0
750,8.526512829121202e-14,0.0
751,3.268496584496461e-13,0.0
752,1.1368683772161603e-13,0.0
753,1.1368683772161603e-13,8.881784197001252e-16
754,8.526512829121202e-14,0.0
755,7.105427357601002e-14,0.0
756,1.1368683772161603e-13,7.105427357601002e-15
757,8.526512829121202e-14,0.0
758,6.394884621840902e-14,0.0
759,6.394884621840902e-14,0.0
760,9.237055564881302e-14,0.0
761,9.681144774731365e-14,0.0
762,1.9895196601282805e-13,0.0
763,1.0302869668521453e-13,0.0
764,1.2789769243681803e-13,0.0
765,9.947598300641403e-14,0.0
766,3.126388037344441e-13,0.0
767,9.947598300641403e-14,1.4210854715202004e-14
768,9.947598300641403e-14,0.0
769,1.2789769243681803e-13,0.0
770,1.8474111129762605e-13,0.0
771,1.2079226507921703e-13,0.0
772,7.815970093361102e-14,0.0
773,4.973799150320701e-14,0.0
774,8.881784197001252e-14,7.105427357601002e-15
775,1.0658141036401503e-13,0.0
776,1.4210854715202004e-13,0.0
777,1.4210854715202004e-13,0.0
778,3.126388037344441e-13,0.0
779,1.8474111129762605e-13,0.0
780,9.947598300641403e-14,0.0
781,2.042810365310288e-14,0.0
782,1.2789769243681803e-13,0.0
783,7.105427357601002e-14,0.0
784,1.5631940186722204e-13,0.0
785,1.8474111129762605e-13,0.0
786,1.2789769243681803e-13,1.4210854715202004e-14
787,0.0,0.0
788,4.973799150320701e-14,0.0
789,7.815970093361102e-14,0.0
790,9.237055564881302e-14,0.0
791,1.7053025658242404e-13,0.0
792,1.2434497875801753e-13,0.0
793,0.0,0.0
794,1.1368683772161603e-13,0.0
795,1.7763568394002505e-14,0.0
796,1.9895196601282805e-13,0.0
797,1.1368683772161603e-13,0.0
798,1.1368683772161603e-13,0.0
799,3.126388037344441e-13,1.4210854715202004e-14
800,1.4210854715202004e-13,1.7763568394002505e-15
801,1.8474111129762605e-13,0.0
802,1.2789769243681803e-13,0.0
803,1.2789769243681803e-13,0.0
804,1.4210854715202004e-13,0.0
805,0.0,0.0
806,0.0,0.0
807,1.1368683772161603e-13,0.0
808,9.592326932761353e-14,0.0
809,7.105427357601002e-14,0.0
810,1.9184653865522705e-13,0.0
811,2.4868995751603507e-14,0.0
812,2.1316282072803006e-13,0.0
813,8.881784197001252e-14,0.0
814,1.5631940186722204e-13,0.0
815,7.460698725481052e-14,0.0
816,1.4210854715202004e-13,0.0
817,1.5631940186722204e-13,0.0
818,1.2789769243681803e-13,0.0
819,9.237055564881302e-14,0.0
820,2.2737367544323206e-13,0.0
821,1.6342482922482304e-13,0.0
822,1.7053025658242404e-13,7.105427357601002e-15
823,1.7053025658242404e-13,0.0
824,8.526512829121202e-14,0.0
825,1.5631940186722204e-13,0.0
826,7.105427357601002e-14,0.0
827,9.237055564881302e-14,0.0
828,8.526512829121202e-14,0.0
829,1.3500311979441904e-13,0.0
830,5.684341886080802e-14,0.0
831,1.1368683772161603e-13,1.4210854715202004e-14
832,9.947598300641403e-14,0.0
833,1.1368683772161603e-13,0.0
834,1.7053025658242404e-13,0.0
835,1.1368683772161603e-13,1.4210854715202004e-14
836,1.2789769243681803e-13,1.4210854715202004e-14
837,9.947598300641403e-14,0.0
838,1.1368683772161603e-13,0.0
839,3.019806626980426e-14,0.0
840,1.7053025658242404e-13,1.4210854715202004e-14
841,8.526512829121202e-14,0.0
842,6.394884621840902e-14,0.0
843,1.2789769243681803e-13,0.0
844,4.618527782440651e-14,1.7763568394002505e-15
845,4.263256414560601e-14,0.0
846,4.973799150320701e-14,1.7763568394002505e-15
847,5.3290705182007514e-14,0.0
848,1.4210854715202004e-13,1.4210854715202004e-14
849,2.4868995751603507e-14,0.0
850,7.105427357601002e-14,0.0
851,1.1368683772161603e-13,0.0
852,1.8474111129762605e-13,7.105427357601002e-15
853,1.6342482922482304e-13,0.0
854,8.526512829121202e-14,0.0
855,3.197442310920451e-14,0.0
856,1.9895196601282805e-13,0.0
857,1.4210854715202004e-13,0.0
858,9.237055564881302e-14,0.0
859,9.947598300641403e-14,0.0
860,1.9895196601282805e-13,1.4210854715202004e-14
861,1.1368683772161603e-13,0.0
862,6.394884621840902e-14,0.0
863,1.1368683772161603e-13,0.0
864,0.0,0.0
865,4.973799150320701e-14,3.552713678800501e-15
866,1.5631940186722204e-13,0.0
867,1.2789769243681803e-13,0.0
868,1.1368683772161603e-13,0.0
869,2.8421709430404007e-13,0.0
870,9.947598300641403e-14,0.0
871,1.9184653865522705e-13,0.0
872,2.7533531010703882e-14,0.0
873,1.2789769243681803e-13,0.0
874,1.1368683772161603e-13,0.0
875,1.0658141036401503e-13,0.0
876,0.0,0.0
877,1.6342482922482304e-13,0.0
878,3.552713678800501e-14,0.0
879,0.0,0.0
880,2.5579538487363607e-13,1.4210854715202004e-14
881,8.526512829121202e-14,7.105427357601002e-15
882,4.263256414560601e-14,0.0
883,7.105427357601002e-14,0.0
884,7.460698725481052e-14,0.0
885,1.2789769243681803e-13,0.0
886,1.0658141036401503e-13,0.0
887,6.483702463810914e-14,0.0
888,1.2789769243681803e-13,0.0
889,7.105427357601002e-14,0.0
890,1.2079226507921703e-13,0.0
891,1.4210854715202004e-13,0.0
892,1.5631940186722204e-13,0.0
893,7.105427357601002e-14,0.0
894,2.2737367544323206e-13,0.0
895,9.947598300641403e-14,7.105427357601002e-15
896,9.237055564881302e-14,0.0
897,2.2737367544323206e-13,0.0
898,1.5631940186722204e-13,0.0
899,2.375877272697835e-14,0.0
900,7.815970093361102e-14,0.0
901,1.3500311979441904e-13,0.0
902,9.947598300641403e-14,0.0
903,2.1316282072803006e-13,0.0
904,1.2789769243681803e-13,0.0
905,1.7053025658242404e-13,1.4210854715202004e-14
906,7.815970093361102e-14,0.0
907,9.947598300641403e-14,1.4210854715202004e-14
908,2.1316282072803006e-13,1.4210854715202004e-14
909,1.2789769243681803e-13,7.105427357601002e-15
910,9.947598300641403e-14,0.0
911,1.5631940186722204e-13,0.0
912,1.1368683772161603e-13,0.0
913,4.263256414560601e-14,0.0
914,0.0,0.0
915,0.0,0.0
916,1.5631940186722204e-13,1.4210854715202004e-14
917,2.7000623958883807e-13,0.0
918,7.815970093361102e-14,1.7763568394002505e-15
919,9.947598300641403e-14,0.0
920,8.526512829121202e-14,0.0
921,1.7053025658242404e-13,0.0
922,7.815970093361102e-14,0.0
923,6.394884621840902e-14,0.0
924,1.9184653865522705e-13,0.0
925,1.1368683772161603e-13,0.0
926,9.947598300641403e-14,0.0
927,7.105427357601002e-14,0.0
928,4.263256414560601e-14,3.552713678800501e-15
929,8.526512829121202e-14,0.0
930,8.526512829121202e-14,0.0
931,1.1368683772161603e-13,0.0
932,8.881784197001252e-14,1.7763568394002505e-15
933,8.526512829121202e-14,0.0
934,2.5579538487363607e-13,0.0
935,3.126388037344441e-13,1.4210854715202004e-14
936,1.0658141036401503e-13,0.0
937,2.5579538487363607e-13,0.0
938,1.1723955140041653e-13,0.0
939,1.1368683772161603e-13,0.0
940,1.9895196601282805e-13,0.0
941,1.2789769243681803e-13,0.0
942,1.4210854715202004e-13,0.0
943,1.2789769243681803e-13,0.0
944,7.061018436615996e-14,0.0
945,1.5631940186722204e-13,0.0
946,9.947598300641403e-14,0.0
947,1.0302869668521453e-13,0.0
948,6.394884621840902e-14,0.0
949,1.2789769243681803e-13,0.0
950,9.947598300641403e-14,0.0
951,1.4210854715202004e-13,0.0
952,1.4210854715202004e-13,0.0
953,1.9895196601282805e-13,1.4210854715202004e-14
954,9.237055564881302e-14,0.0
955,2.2737367544323206e-13,1.4210854715202004e-14
956,5.684341886080802e-14,0.0
957,9.592326932761353e-14,0.0
958,3.907985046680551e-14,0.0
959,8.526512829121202e-14,0.0
960,9.947598300641403e-14,0.0
961,0.0,0.0
962,4.263256414560601e-14,0.0
963,7.105427357601002e-14,0.0
964,8.526512829121202e-14,0.0
965,8.526512829121202e-14,0.0
966,6.394884621840902e-14,0.0
967,1.2789769243681803e-13,0.0
968,1.8474111129762605e-13,0.0
969,3.907985046680551e-14,0.0
970,1.4210854715202004e-13,0.0
971,2.2737367544323206e-13,0.0
972,1.5631940186722204e-13,0.0
973,1.8474111129762605e-13,0.0
974,1.8474111129762605e-13,0.0
975,1.2789769243681803e-13,0.0
976,1.9539925233402755e-14,0.0
977,1.5631940186722204e-13,1.4210854715202004e-14
978,1.7053025658242404e-13,0.0
979,1.1368683772161603e-13,0.0
980,1.2789769243681803e-13,0.0
981,1.6342482922482304e-13,0.0
982,1.2079226507921703e-13,0.0
983,0.0,0.0
984,6.394884621840902e-14,0.0
985,1.8474111129762605e-13,0.0
986,1.8474111129762605e-13,0.0
987,1.8474111129762605e-13,0.0
988,5.684341886080802e-14,0.0
989,1.1368683772161603e-13,0.0
990,1.0302869668521453e-13,0.0
991,3.907985046680551e-14,0.0
992,7.105427357601002e-14,0.0
993,9.947598300641403e-14,0.0
994,1.1368683772161603e-13,0.0
995,2.2737367544323206e-13,0.0
996,2.8421709430404007e-13,1.4210854715202004e-14
997,2.1316282072803006e-13,0.0
998,2.1826984664130578e-13,0.0
999,4.973799150320701e-14,0.0
